MerchantId,StoreId,TerminalId,Location,Status,UserId
NUTRIFILLSRICHARDSTOWN,MS2002081232334090000243,TXNutrifills00665768132304961,Whitefield,1,1
NUTRIFILLSRICHARDSTOWN,MS2002081252046310000798,TXNutrifills01523761491947014,HSR Layout,1,1
NUTRIFILLSRICHARDSTOWN,MS2002081300591620000743,TXNutrifills01587069914317283,Kalyan Nagar,1,1
NUTRIFILLSRICHARDSTOWN,MS2002081300591620000743,TXNutrifills01521353607001072,Sarjapur Road,1,1
NUTRIFILLSRICHARDSTOWN,MS2002081300591620000743,TXNutrifills02190335587244121,Sarjapur Road ,1,1
NUTRIFILLSRICHARDSTOWN,MS2002081300591620000743,TXNutrifills02132535383212719,Bannerghatta Road ,1,1
NUTRIFILLSRICHARDSTOWN,MS2002081232334090000243,TXNutrifills02145054373248976,Electronic City,1,1
NUTRIFILLSRICHARDSTOWN,MS2002081252046310000798,TXNutrifills02184621741612928,Hebbal,1,1
NUTRIFILLSRICHARDSTOWN,MS2002081300591620000743,TXNutrifills00695155045265470,Kanakapura Road,1,1
NUTRIFILLSRICHARDSTOWN,MS2002081300591620000743,TXNutrifills01123498215423890,Anekal,1,1
NUTRIFILLSRICHARDSTOWN,MS2002081300591620000743,TXNutrifills02157390128787958,Hennur Road,1,1
NUTRIFILLSRICHARDSTOWN,MS2002081300591620000743,TXNutrifills00656483199979131,C V Raman Nagar,1,1
NUTRIFILLSRICHARDSTOWN,MS2002081232334090000243,TXNutrifills02185640877772349,Kalyan Nagar,1,1
NUTRIFILLSRICHARDSTOWN,MS2002081252046310000798,TXNutrifills02185831356470231,RT Nagar,1,1
NUTRIFILLSRICHARDSTOWN,MS2002081300591620000743,TXNutrifills00678276116035835,HRBR Layout,1,1
NUTRIFILLSRICHARDSTOWN,MS2002081300591620000743,TXNutrifills00626870436131339,BTM Layout,1,1
NUTRIFILLSRICHARDSTOWN,MS2002081300591620000743,TXNutrifills00642617614760516,Ramamurthy Nagar,1,2
NUTRIFILLSRICHARDSTOWN,MS2002081300591620000743,TXNutrifills00832207507819368,Brooke Field,1,2
NUTRIFILLSRICHARDSTOWN,MST2002081243475780000283,TXNutrifills00875224225416085,Kundalahalli,1,2
NUTRIFILLSRICHARDSTOWN,MST2002081243475780000283,TXNutrifills00868800158224490,Madiwala,1,2
NUTRIFILLSRICHARDSTOWN,MST2002081243475780000283,TXNutrifills00559978335617175,Chandapur,1,2
NUTRIFILLSRICHARDSTOWN,MST2002081242488870000136,TXNutrifills00559859822701661,Hoskote,1,2