Id,MerchantId,StoreId,TerminalId,Location,Status,UserId
1,NUTRIFILLSRICHARDSTOWN,MS2002081232334090000243,TXNutrifills00665768132304961,Whitefield,1,2
2,NUTRIFILLSRICHARDSTOWN,MS2002081252046310000798,TXNutrifills01523761491947014,HSR Layout,0,2
3,NUTRIFILLSRICHARDSTOWN,MS2002081300591620000743,TXNutrifills01587069914317283,Kalyan Nagar,1,2
4,NUTRIFILLSRICHARDSTOWN,MS2002081300591620000743,TXNutrifills01521353607001072,Sarjapur Road,1,2
5,NUTRIFILLSRICHARDSTOWN,MS2002081300591620000743,TXNutrifills02190335587244121,Sarjapur Road ,1,2
6,NUTRIFILLSRICHARDSTOWN,MS2002081300591620000743,TXNutrifills02132535383212719,Bannerghatta Road ,1,2
7,NUTRIFILLSRICHARDSTOWN,MS2002081232334090000243,TXNutrifills02145054373248976,Electronic City,0,2
8,NUTRIFILLSRICHARDSTOWN,MS2002081252046310000798,TXNutrifills02184621741612928,Hebbal,1,2
9,NUTRIFILLSRICHARDSTOWN,MS2002081300591620000743,TXNutrifills00695155045265470,Kanakapura Road,1,2
10,NUTRIFILLSRICHARDSTOWN,MS2002081300591620000743,TXNutrifills01123498215423890,Anekal,1,2
11,NUTRIFILLSRICHARDSTOWN,MS2002081300591620000743,TXNutrifills02157390128787958,Hennur Road,1,2
12,NUTRIFILLSRICHARDSTOWN,MS2002081300591620000743,TXNutrifills00656483199979131,C V Raman Nagar,0,2
13,NUTRIFILLSRICHARDSTOWN,MS2002081232334090000243,TXNutrifills02185640877772349,Kalyan Nagar,1,2
14,NUTRIFILLSRICHARDSTOWN,MS2002081252046310000798,TXNutrifills02185831356470231,RT Nagar,1,3
15,NUTRIFILLSRICHARDSTOWN,MS2002081300591620000743,TXNutrifills00678276116035835,HRBR Layout,1,3
16,NUTRIFILLSRICHARDSTOWN,MS2002081300591620000743,TXNutrifills00626870436131339,BTM Layout,0,3
17,NUTRIFILLSRICHARDSTOWN,MS2002081300591620000743,TXNutrifills00642617614760516,Ramamurthy Nagar,1,3
18,NUTRIFILLSRICHARDSTOWN,MS2002081300591620000743,TXNutrifills00832207507819368,Brooke Field,1,3
19,NUTRIFILLSRICHARDSTOWN,MST2002081243475780000283,TXNutrifills00875224225416085,Kundalahalli,1,3
20,NUTRIFILLSRICHARDSTOWN,MST2002081243475780000283,TXNutrifills00868800158224490,Madiwala,0,3
21,NUTRIFILLSRICHARDSTOWN,MST2002081243475780000283,TXNutrifills00559978335617175,Chandapur,1,3
22,NUTRIFILLSRICHARDSTOWN,MST2002081242488870000136,TXNutrifills00559859822701661,Hoskote,1,3
23,NUTRIFILLSRICHARDSTOWN,MS2002081232334090000243,TXNutrifills00665768132304961,Whitefield,1,3
24,NUTRIFILLSRICHARDSTOWN,MS2002081252046310000798,TXNutrifills01523761491947014,HSR Layout,0,3
25,NUTRIFILLSRICHARDSTOWN,MS2002081300591620000743,TXNutrifills01587069914317283,Kalyan Nagar,1,3
26,NUTRIFILLSRICHARDSTOWN,MS2002081300591620000743,TXNutrifills01521353607001072,Sarjapur Road,1,3
27,NUTRIFILLSRICHARDSTOWN,MS2002081300591620000743,TXNutrifills02190335587244121,Sarjapur Road ,1,4
28,NUTRIFILLSRICHARDSTOWN,MS2002081300591620000743,TXNutrifills02132535383212719,Bannerghatta Road ,1,4
29,NUTRIFILLSRICHARDSTOWN,MS2002081232334090000243,TXNutrifills02145054373248976,Electronic City,1,4
30,NUTRIFILLSRICHARDSTOWN,MS2002081252046310000798,TXNutrifills02184621741612928,Hebbal,0,4
31,NUTRIFILLSRICHARDSTOWN,MS2002081300591620000743,TXNutrifills00695155045265470,Kanakapura Road,1,4
32,NUTRIFILLSRICHARDSTOWN,MS2002081300591620000743,TXNutrifills01123498215423890,Anekal,1,4
33,NUTRIFILLSRICHARDSTOWN,MS2002081300591620000743,TXNutrifills02157390128787958,Hennur Road,1,4
34,NUTRIFILLSRICHARDSTOWN,MS2002081300591620000743,TXNutrifills00656483199979131,C V Raman Nagar,1,4
35,NUTRIFILLSRICHARDSTOWN,MS2002081232334090000243,TXNutrifills02185640877772349,Kalyan Nagar,1,4
36,NUTRIFILLSRICHARDSTOWN,MS2002081252046310000798,TXNutrifills02185831356470231,RT Nagar,0,4
37,NUTRIFILLSRICHARDSTOWN,MS2002081300591620000743,TXNutrifills00678276116035835,HRBR Layout,1,4
38,NUTRIFILLSRICHARDSTOWN,MS2002081300591620000743,TXNutrifills00626870436131339,BTM Layout,1,4
39,NUTRIFILLSRICHARDSTOWN,MS2002081300591620000743,TXNutrifills00642617614760516,Ramamurthy Nagar,1,4
40,NUTRIFILLSRICHARDSTOWN,MS2002081300591620000743,TXNutrifills00832207507819368,Brooke Field,1,4
41,NUTRIFILLSRICHARDSTOWN,MST2002081243475780000283,TXNutrifills00875224225416085,Kundalahalli,1,5
42,NUTRIFILLSRICHARDSTOWN,MST2002081243475780000283,TXNutrifills00868800158224490,Madiwala,0,5
43,NUTRIFILLSRICHARDSTOWN,MST2002081243475780000283,TXNutrifills00559978335617175,Chandapur,1,5
44,NUTRIFILLSRICHARDSTOWN,MST2002081242488870000136,TXNutrifills00559859822701661,Hoskote,1,5
45,NUTRIFILLSRICHARDSTOWN,MS2002081232334090000243,TXNutrifills00665768132304961,Whitefield,1,5
46,NUTRIFILLSRICHARDSTOWN,MS2002081252046310000798,TXNutrifills01523761491947014,HSR Layout,0,5
47,NUTRIFILLSRICHARDSTOWN,MS2002081300591620000743,TXNutrifills01587069914317283,Kalyan Nagar,1,5
48,NUTRIFILLSRICHARDSTOWN,MS2002081300591620000743,TXNutrifills01521353607001072,Sarjapur Road,1,5
49,NUTRIFILLSRICHARDSTOWN,MS2002081300591620000743,TXNutrifills02190335587244121,Sarjapur Road ,1,5
50,NUTRIFILLSRICHARDSTOWN,MS2002081300591620000743,TXNutrifills02132535383212719,Bannerghatta Road ,1,5
51,NUTRIFILLSRICHARDSTOWN,MS2002081232334090000243,TXNutrifills02145054373248976,Electronic City,0,5
52,NUTRIFILLSRICHARDSTOWN,MS2002081252046310000798,TXNutrifills02184621741612928,Hebbal,1,5
53,NUTRIFILLSRICHARDSTOWN,MS2002081300591620000743,TXNutrifills00695155045265470,Kanakapura Road,1,5
54,NUTRIFILLSRICHARDSTOWN,MS2002081300591620000743,TXNutrifills01123498215423890,Anekal,1,6
55,NUTRIFILLSRICHARDSTOWN,MS2002081300591620000743,TXNutrifills02157390128787958,Hennur Road,1,6
56,NUTRIFILLSRICHARDSTOWN,MS2002081300591620000743,TXNutrifills00656483199979131,C V Raman Nagar,0,6
57,NUTRIFILLSRICHARDSTOWN,MS2002081232334090000243,TXNutrifills02185640877772349,Kalyan Nagar,1,6
58,NUTRIFILLSRICHARDSTOWN,MS2002081252046310000798,TXNutrifills02185831356470231,RT Nagar,1,6
59,NUTRIFILLSRICHARDSTOWN,MS2002081300591620000743,TXNutrifills00678276116035835,HRBR Layout,1,6
60,NUTRIFILLSRICHARDSTOWN,MS2002081300591620000743,TXNutrifills00626870436131339,BTM Layout,0,6
61,NUTRIFILLSRICHARDSTOWN,MS2002081300591620000743,TXNutrifills00642617614760516,Ramamurthy Nagar,1,6
62,NUTRIFILLSRICHARDSTOWN,MS2002081300591620000743,TXNutrifills00832207507819368,Brooke Field,1,6
63,NUTRIFILLSRICHARDSTOWN,MST2002081243475780000283,TXNutrifills00875224225416085,Kundalahalli,1,6
64,NUTRIFILLSRICHARDSTOWN,MST2002081243475780000283,TXNutrifills00868800158224490,Madiwala,0,6
65,NUTRIFILLSRICHARDSTOWN,MST2002081243475780000283,TXNutrifills00559978335617175,Chandapur,1,6
66,NUTRIFILLSRICHARDSTOWN,MST2002081242488870000136,TXNutrifills00559859822701661,Hoskote,1,6
